{"cameraMode":{"drawMode":0,"name":"Shaded","section":"Shading Mode"},"sceneLighting":true,"audioPlay":false,"sceneViewState":{"m_AlwaysRefresh":false,"showFog":true,"showSkybox":true,"showFlares":true,"showImageEffects":true,"showParticleSystems":true,"showVisualEffectGraphs":true,"m_FxEnabled":true},"in2DMode":false,"pivot":{"x":-21.598072052001954,"y":3.089125633239746,"z":-3.5474085807800295},"rotation":{"x":-0.11522520333528519,"y":-0.01758434623479843,"z":0.0020405941177159549,"w":-0.9931814670562744},"size":0.8876219987869263,"orthographic":false}